{
"type": "FeatureCollection",
                                                                                
"features": [
{ "type": "Feature", "properties": { "Field1": "civilian:                 ", "Field2": "Civilian population age 18 to 34" }, "geometry": null },
{ "type": "Feature", "properties": { "Field1": "commuter:                 ", "Field2": "Workers age 18 to 34 who commuted to work" }, "geometry": null },
{ "type": "Feature", "properties": { "Field1": "droveToWork:              ", "Field2": "Workers age 18 to 34 years who drove a car, truck, van or carpooled to work" }, "geometry": null },
{ "type": "Feature", "properties": { "Field1": "droveToWork_me:           ", "Field2": "Workers age 18 to 34 years who drove a car, truck, van or carpooled to work, margin of error" }, "geometry": null },
{ "type": "Feature", "properties": { "Field1": "droveToWork_p:            ", "Field2": "Percent of commuters age 18 to 34 who drove a car, truck, van or carpooled to work" }, "geometry": null },
{ "type": "Feature", "properties": { "Field1": "droveToWork_pme:          ", "Field2": "Workers age 18 to 34 years who drove a car, truck, van or carpooled to work, percent margin of error" }, "geometry": null },
{ "type": "Feature", "properties": { "Field1": "educationBachelor:        ", "Field2": "Population Age 18 to 34 with a bachelor's degree or more" }, "geometry": null },
{ "type": "Feature", "properties": { "Field1": "educationBachelor_me:     ", "Field2": "Population Age 18 to 34 with a bachelor's degree or more, margin of error" }, "geometry": null },
{ "type": "Feature", "properties": { "Field1": "educationBachelor_p:      ", "Field2": "Percent of population age 18 to 34 with a bachelor's degree or more" }, "geometry": null },
{ "type": "Feature", "properties": { "Field1": "educationBachelor_pme:    ", "Field2": "Population Age 18 to 34 with a bachelor's degree or more, percent margin of error" }, "geometry": null },
{ "type": "Feature", "properties": { "Field1": "employed:                 ", "Field2": "Employed population age 18 to 34" }, "geometry": null },
{ "type": "Feature", "properties": { "Field1": "employed_me:              ", "Field2": "Employed population age 18 to 34, margin of error" }, "geometry": null },
{ "type": "Feature", "properties": { "Field1": "employed_p:               ", "Field2": "Percent of population age 18 to 34 who are employed" }, "geometry": null },
{ "type": "Feature", "properties": { "Field1": "employed_pme:             ", "Field2": "Employed population age 18 to 34, percent margin of error" }, "geometry": null },
{ "type": "Feature", "properties": { "Field1": "fips:                     ", "Field2": "Federal Information Processing System code" }, "geometry": null },
{ "type": "Feature", "properties": { "Field1": "foreignBorn:              ", "Field2": "Foreign Born, age 18 to 34" }, "geometry": null },
{ "type": "Feature", "properties": { "Field1": "foreignBorn_me:           ", "Field2": "Foreign Born, age 18 to 34, margin of error" }, "geometry": null },
{ "type": "Feature", "properties": { "Field1": "foreignBorn_p:            ", "Field2": "Percent of population age 18 to 34 who are foreign born" }, "geometry": null },
{ "type": "Feature", "properties": { "Field1": "foreignBorn_pme:          ", "Field2": "Foreign Born, age 18 to 34, percent margin of error" }, "geometry": null },
{ "type": "Feature", "properties": { "Field1": "liveAlone:                ", "Field2": "Population Age 18 to 34 living alone" }, "geometry": null },
{ "type": "Feature", "properties": { "Field1": "liveAlone_me:             ", "Field2": "Population Age 18 to 34 living alone, margin of error" }, "geometry": null },
{ "type": "Feature", "properties": { "Field1": "liveAlone_p:              ", "Field2": "Percent of population age 18 to 34 who live alone" }, "geometry": null },
{ "type": "Feature", "properties": { "Field1": "liveAlone_pme:            ", "Field2": "Population Age 18 to 34 living alone, percent margin of error" }, "geometry": null },
{ "type": "Feature", "properties": { "Field1": "liveWithParent:           ", "Field2": "Population Age 18 to 34 living with a parent" }, "geometry": null },
{ "type": "Feature", "properties": { "Field1": "liveWithParent_me:        ", "Field2": "Population Age 18 to 34 living with a parent, margin of error" }, "geometry": null },
{ "type": "Feature", "properties": { "Field1": "liveWithParent_p:         ", "Field2": "Percent of population age 18 to 34 who live with a parent" }, "geometry": null },
{ "type": "Feature", "properties": { "Field1": "liveWithParent_pme:       ", "Field2": "Population Age 18 to 34 living with a parent, percent margin of error" }, "geometry": null },
{ "type": "Feature", "properties": { "Field1": "medianEarnings:           ", "Field2": "Median earnings for full time workers age 18 to 34" }, "geometry": null },
{ "type": "Feature", "properties": { "Field1": "minority:                 ", "Field2": "Minority, age 18 to 34" }, "geometry": null },
{ "type": "Feature", "properties": { "Field1": "minority_me:              ", "Field2": "Minority, age 18 to 34, margin of error" }, "geometry": null },
{ "type": "Feature", "properties": { "Field1": "minority_p:               ", "Field2": "Percent of total population who are minority, age 18 to 34" }, "geometry": null },
{ "type": "Feature", "properties": { "Field1": "minority_pme:             ", "Field2": "Minority, age 18 to 34, percent margin of error" }, "geometry": null },
{ "type": "Feature", "properties": { "Field1": "name:                     ", "Field2": "Geography name" }, "geometry": null },
{ "type": "Feature", "properties": { "Field1": "neverMarried:             ", "Field2": "Population Age 18 to 34 who never married" }, "geometry": null },
{ "type": "Feature", "properties": { "Field1": "neverMarried_me:          ", "Field2": "Population Age 18 to 34 who never married, margin of error" }, "geometry": null },
{ "type": "Feature", "properties": { "Field1": "neverMarried_p:           ", "Field2": "Percent of population age 18 to 34 who never married" }, "geometry": null },
{ "type": "Feature", "properties": { "Field1": "neverMarried_pme:         ", "Field2": "Population Age 18 to 34 who never married, percent margin of error" }, "geometry": null },
{ "type": "Feature", "properties": { "Field1": "otherLanguage:            ", "Field2": "Population age 18 to 34 who speak a language other than English at home" }, "geometry": null },
{ "type": "Feature", "properties": { "Field1": "otherLanguage_me:         ", "Field2": "Population age 18 to 34 who speak a language other than English at home, margin of error" }, "geometry": null },
{ "type": "Feature", "properties": { "Field1": "otherLanguage_p:          ", "Field2": "Percent of population age 18 to 34 who speak a language other than English at home" }, "geometry": null },
{ "type": "Feature", "properties": { "Field1": "otherLanguage_pme:        ", "Field2": "Population age 18 to 34 who speak a language other than English at home, percent margin of error" }, "geometry": null },
{ "type": "Feature", "properties": { "Field1": "population:               ", "Field2": "Total population" }, "geometry": null },
{ "type": "Feature", "properties": { "Field1": "population_me:            ", "Field2": "Total population, margin of error" }, "geometry": null },
{ "type": "Feature", "properties": { "Field1": "population18To34:         ", "Field2": "Population age 18 to 34" }, "geometry": null },
{ "type": "Feature", "properties": { "Field1": "population18To34_me:      ", "Field2": "Population age 18 to 34, margin of error" }, "geometry": null },
{ "type": "Feature", "properties": { "Field1": "population18To34_p:       ", "Field2": "Percent of total population, age 18 to 34" }, "geometry": null },
{ "type": "Feature", "properties": { "Field1": "population18To34_pme:     ", "Field2": "Population age 18 to 34, percent margin of error" }, "geometry": null },
{ "type": "Feature", "properties": { "Field1": "poverty:                  ", "Field2": "Population age 18 to 34 with income below poverty line" }, "geometry": null },
{ "type": "Feature", "properties": { "Field1": "poverty_me:               ", "Field2": "Population age 18 to 34 with earnings below poverty line, margin of error" }, "geometry": null },
{ "type": "Feature", "properties": { "Field1": "poverty_p:                ", "Field2": "Percent of population age 18 to 34 with income below poverty line" }, "geometry": null },
{ "type": "Feature", "properties": { "Field1": "poverty_pme:              ", "Field2": "Population age 18 to 34 with earnings below poverty line, percent margin of error" }, "geometry": null },
{ "type": "Feature", "properties": { "Field1": "povertyUniverse:          ", "Field2": "Population age 18 to 34 for whom poverty status has been determined" }, "geometry": null },
{ "type": "Feature", "properties": { "Field1": "veteran:                  ", "Field2": "Veterans of war age 18 to 34" }, "geometry": null },
{ "type": "Feature", "properties": { "Field1": "veteran_me:               ", "Field2": "Veterans of war age 18 to 34, margin of error" }, "geometry": null },
{ "type": "Feature", "properties": { "Field1": "veteran_p:                ", "Field2": "Percent of civilian population age 18 to 34 who are veterans of war" }, "geometry": null },
{ "type": "Feature", "properties": { "Field1": "veteran_pme:              ", "Field2": "Veterans of war age 18 to 34, percent margin of error" }, "geometry": null },
{ "type": "Feature", "properties": { "Field1": "white:                    ", "Field2": "White, Non-Hispanic, age 18 to 34" }, "geometry": null },
{ "type": "Feature", "properties": { "Field1": "white_me:                 ", "Field2": "White, Non-Hispanic, age 18 to 34, margin of error" }, "geometry": null },
{ "type": "Feature", "properties": { "Field1": "white_p:                  ", "Field2": "Percent of population age 18 to 34 who are White, Non-Hispanic" }, "geometry": null },
{ "type": "Feature", "properties": { "Field1": "white_pme:                ", "Field2": "White, Non-Hispanic, age 18 to 34, percent margin of error" }, "geometry": null }
]
}
