{
"type": "FeatureCollection",
                                                                                
"features": [
{ "type": "Feature", "properties": { "Field1": 1, "Field2": "fips                                ", "Field3": "Federal Information Processing System code" }, "geometry": null },
{ "type": "Feature", "properties": { "Field1": 2, "Field2": "name                                ", "Field3": "Geography name" }, "geometry": null },
{ "type": "Feature", "properties": { "Field1": 3, "Field2": "population                          ", "Field3": "Total population" }, "geometry": null },
{ "type": "Feature", "properties": { "Field1": 4, "Field2": "population18To34                    ", "Field3": "Population age 18 to 34" }, "geometry": null },
{ "type": "Feature", "properties": { "Field1": 5, "Field2": "population18To34_me                 ", "Field3": "Population age 18 to 34, margin of error" }, "geometry": null },
{ "type": "Feature", "properties": { "Field1": 6, "Field2": "population18To34_p                  ", "Field3": "Percent of total population, age 18 to 34" }, "geometry": null },
{ "type": "Feature", "properties": { "Field1": 7, "Field2": "population18To34_pme                ", "Field3": "Population age 18 to 34, percent margin of error" }, "geometry": null },
{ "type": "Feature", "properties": { "Field1": 8, "Field2": "white                               ", "Field3": "White, Non-Hispanic, age 18 to 34" }, "geometry": null },
{ "type": "Feature", "properties": { "Field1": 9, "Field2": "white_me                            ", "Field3": "White, Non-Hispanic, age 18 to 34, margin of error" }, "geometry": null },
{ "type": "Feature", "properties": { "Field1": 10, "Field2": "white_p                             ", "Field3": "Percent of population age 18 to 34 who are White, Non-Hispanic" }, "geometry": null },
{ "type": "Feature", "properties": { "Field1": 11, "Field2": "white_pme                           ", "Field3": "White, Non-Hispanic, age 18 to 34, percent margin of error" }, "geometry": null },
{ "type": "Feature", "properties": { "Field1": 12, "Field2": "minority                            ", "Field3": "Minority, age 18 to 34" }, "geometry": null },
{ "type": "Feature", "properties": { "Field1": 13, "Field2": "minority_me                         ", "Field3": "Minority, age 18 to 34, margin of error" }, "geometry": null },
{ "type": "Feature", "properties": { "Field1": 14, "Field2": "minority_p                          ", "Field3": "Percent of total population who are minority, age 18 to 34" }, "geometry": null },
{ "type": "Feature", "properties": { "Field1": 15, "Field2": "minority_pme                        ", "Field3": "Minority, age 18 to 34, percent margin of error" }, "geometry": null },
{ "type": "Feature", "properties": { "Field1": 16, "Field2": "neverMarried                        ", "Field3": "Population Age 18 to 34 who never married" }, "geometry": null },
{ "type": "Feature", "properties": { "Field1": 17, "Field2": "neverMarried_me                     ", "Field3": "Population Age 18 to 34 who never married, margin of error" }, "geometry": null },
{ "type": "Feature", "properties": { "Field1": 18, "Field2": "neverMarried_p                      ", "Field3": "Percent of population age 18 to 34 who never married" }, "geometry": null },
{ "type": "Feature", "properties": { "Field1": 19, "Field2": "neverMarried_pme                    ", "Field3": "Population Age 18 to 34 who never married, percent margin of error" }, "geometry": null },
{ "type": "Feature", "properties": { "Field1": 20, "Field2": "liveAlone                           ", "Field3": "Population Age 18 to 34 living alone" }, "geometry": null },
{ "type": "Feature", "properties": { "Field1": 21, "Field2": "liveAlone_me                        ", "Field3": "Population Age 18 to 34 living alone, margin of error" }, "geometry": null },
{ "type": "Feature", "properties": { "Field1": 22, "Field2": "liveAlone_p                         ", "Field3": "Percent of population age 18 to 34 who live alone" }, "geometry": null },
{ "type": "Feature", "properties": { "Field1": 23, "Field2": "liveAlone_pme                       ", "Field3": "Population Age 18 to 34 living alone, percent margin of error" }, "geometry": null },
{ "type": "Feature", "properties": { "Field1": 24, "Field2": "educationBachelor                   ", "Field3": "Population Age 18 to 34 with a bachelor's degree or more" }, "geometry": null },
{ "type": "Feature", "properties": { "Field1": 25, "Field2": "educationBachelor_me                ", "Field3": "Population Age 18 to 34 with a bachelor's degree or more, margin of error" }, "geometry": null },
{ "type": "Feature", "properties": { "Field1": 26, "Field2": "educationBachelor_p                 ", "Field3": "Percent of population age 18 to 34 with a bachelor's degree or more" }, "geometry": null },
{ "type": "Feature", "properties": { "Field1": 27, "Field2": "educationBachelor_pme               ", "Field3": "Population Age 18 to 34 with a bachelor's degree or more, percent margin of error" }, "geometry": null },
{ "type": "Feature", "properties": { "Field1": 28, "Field2": "civilian                            ", "Field3": "Civilian population age 18 to 34" }, "geometry": null },
{ "type": "Feature", "properties": { "Field1": 29, "Field2": "veteran                             ", "Field3": "Veterans of war age 18 to 34" }, "geometry": null },
{ "type": "Feature", "properties": { "Field1": 30, "Field2": "veteran_me                          ", "Field3": "Veterans of war age 18 to 34, margin of error" }, "geometry": null },
{ "type": "Feature", "properties": { "Field1": 31, "Field2": "veteran_p                           ", "Field3": "Percent of civilian population age 18 to 34 who are veterans of war" }, "geometry": null },
{ "type": "Feature", "properties": { "Field1": 32, "Field2": "veteran_pme                         ", "Field3": "Veterans of war age 18 to 34, percent margin of error" }, "geometry": null },
{ "type": "Feature", "properties": { "Field1": 33, "Field2": "foreignBorn                         ", "Field3": "Foreign Born, age 18 to 34" }, "geometry": null },
{ "type": "Feature", "properties": { "Field1": 34, "Field2": "foreignBorn_me                      ", "Field3": "Foreign Born, age 18 to 34, margin of error" }, "geometry": null },
{ "type": "Feature", "properties": { "Field1": 35, "Field2": "foreignBorn_p                       ", "Field3": "Percent of population age 18 to 34 who are foreign born" }, "geometry": null },
{ "type": "Feature", "properties": { "Field1": 36, "Field2": "foreignBorn_pme                     ", "Field3": "Foreign Born, age 18 to 34, percent margin of error" }, "geometry": null },
{ "type": "Feature", "properties": { "Field1": 37, "Field2": "otherLanguage                       ", "Field3": "Population age 18 to 34 who speak a language other than English at home" }, "geometry": null },
{ "type": "Feature", "properties": { "Field1": 38, "Field2": "otherLanguage_me                    ", "Field3": "Population age 18 to 34 who speak a language other than English at home, margin of error" }, "geometry": null },
{ "type": "Feature", "properties": { "Field1": 39, "Field2": "otherLanguage_p                     ", "Field3": "Percent of population age 18 to 34 who speak a language other than English at home" }, "geometry": null },
{ "type": "Feature", "properties": { "Field1": 40, "Field2": "otherLanguage_pme                   ", "Field3": "Population age 18 to 34 who speak a language other than English at home, percent margin of error" }, "geometry": null },
{ "type": "Feature", "properties": { "Field1": 41, "Field2": "medianEarnings                      ", "Field3": "Median earnings for full time workers age 18 to 34" }, "geometry": null },
{ "type": "Feature", "properties": { "Field1": 42, "Field2": "medianEarnings_me                   ", "Field3": "Median earnings for full time workers age 18 to 34, margin of error" }, "geometry": null },
{ "type": "Feature", "properties": { "Field1": 43, "Field2": "povertyUniverse                     ", "Field3": "Population age 18 to 34 for whom poverty status has been determined" }, "geometry": null },
{ "type": "Feature", "properties": { "Field1": 44, "Field2": "poverty                             ", "Field3": "Population age 18 to 34 with income below poverty line" }, "geometry": null },
{ "type": "Feature", "properties": { "Field1": 45, "Field2": "poverty_me                          ", "Field3": "Population age 18 to 34 with earnings below poverty line, margin of error" }, "geometry": null },
{ "type": "Feature", "properties": { "Field1": 46, "Field2": "poverty_p                           ", "Field3": "Percent of population age 18 to 34 with income below poverty line" }, "geometry": null },
{ "type": "Feature", "properties": { "Field1": 47, "Field2": "poverty_pme                         ", "Field3": "Population age 18 to 34 with earnings below poverty line, percent margin of error" }, "geometry": null },
{ "type": "Feature", "properties": { "Field1": 48, "Field2": "employed                            ", "Field3": "Employed population age 18 to 34" }, "geometry": null },
{ "type": "Feature", "properties": { "Field1": 49, "Field2": "employed_me                         ", "Field3": "Employed population age 18 to 34, margin of error" }, "geometry": null },
{ "type": "Feature", "properties": { "Field1": 50, "Field2": "employed_p                          ", "Field3": "Percent of population age 18 to 34 who are employed" }, "geometry": null },
{ "type": "Feature", "properties": { "Field1": 51, "Field2": "employed_pme                        ", "Field3": "Employed population age 18 to 34, percent margin of error" }, "geometry": null },
{ "type": "Feature", "properties": { "Field1": 52, "Field2": "commuter                            ", "Field3": "Workers age 18 to 34 who commuted to work" }, "geometry": null },
{ "type": "Feature", "properties": { "Field1": 53, "Field2": "droveToWork                         ", "Field3": "Workers age 18 to 34 years who drove a car, truck, van or carpooled to work" }, "geometry": null },
{ "type": "Feature", "properties": { "Field1": 54, "Field2": "droveToWork_me                      ", "Field3": "Workers age 18 to 34 years who drove a car, truck, van or carpooled to work, margin of error" }, "geometry": null },
{ "type": "Feature", "properties": { "Field1": 55, "Field2": "droveToWork_p                       ", "Field3": "Percent of commuters age 18 to 34 who drove a car, truck, van or carpooled to work" }, "geometry": null },
{ "type": "Feature", "properties": { "Field1": 56, "Field2": "droveToWork_pme                     ", "Field3": "Workers age 18 to 34 years who drove a car, truck, van or carpooled to work, percent margin of error" }, "geometry": null },
{ "type": "Feature", "properties": { "Field1": 57, "Field2": "liveWithParent                      ", "Field3": "Population Age 18 to 34 living with a parent" }, "geometry": null },
{ "type": "Feature", "properties": { "Field1": 58, "Field2": "liveWithParent_me                   ", "Field3": "Population Age 18 to 34 living with a parent, margin of error" }, "geometry": null },
{ "type": "Feature", "properties": { "Field1": 59, "Field2": "liveWithParent_p                    ", "Field3": "Percent of population age 18 to 34 who live with a parent" }, "geometry": null },
{ "type": "Feature", "properties": { "Field1": 60, "Field2": "liveWithParent_pme                  ", "Field3": "Population Age 18 to 34 living with a parent, percent margin of error" }, "geometry": null }
]
}
