{
"type": "FeatureCollection",
                                                                                
"features": [
{ "type": "Feature", "properties": { "fips": "US", "name": "United States", "population": "248709873", "population18To34": "69701927", "population18To34_me": "26053", "population18To34_p": "28", "population18To34_pme": ".00000", "white": "50647925", "white_me": "23361", "white_p": "72.6999999992549", "white_pme": ".00000", "minority": "19054002", "minority_me": "15429", "minority_p": "27.2999999998137", "minority_pme": ".00000", "neverMarried": "33364017", "neverMarried_me": "19770", "neverMarried_p": "47.8999999999069", "neverMarried_pme": ".00000", "liveAlone": "4936374", "liveAlone_me": "8900", "liveAlone_p": "7.09999999997672", "liveAlone_pme": ".00000", "educationBachelor": "11876640", "educationBachelor_me": "13607", "educationBachelor_p": "17", "educationBachelor_pme": ".00000", "civilian": "68404266", "veteran": "4061457", "veteran_me": "8823", "veteran_p": "5.89999999996508", "veteran_pme": ".00000", "foreignBorn": "6872789", "foreignBorn_me": "19969", "foreignBorn_p": "9.89999999990687", "foreignBorn_pme": ".00000", "otherLanguage": "10630144", "otherLanguage_me": "16427", "otherLanguage_p": "15.3", "otherLanguage_pme": ".00000", "medianEarnings": "36716", "medianEarnings_me": "", "povertyUniverse": "66282362", "poverty": "9479824", "poverty_me": "15550", "poverty_p": "14.2999999999302", "poverty_pme": ".00000", "employed": "49200658", "employed_me": "23108", "employed_p": "70.5999999996275", "employed_pme": ".00000", "commuter": "49488434", "droveToWork": "42344509", "droveToWork_me": "26164", "droveToWork_p": "85.5999999996275", "droveToWork_pme": ".00000", "liveWithParent": "16876736", "liveWithParent_me": "16048", "liveWithParent_p": "24.1999999999534", "liveWithParent_pme": ".00000" }, "geometry": null }
]
}
