{
"type": "FeatureCollection",
                                                                                
"features": [
{ "type": "Feature", "properties": { "fips": "US", "name": "United States", "population": "226545805", "population18To34": "67099167", "population18To34_me": "30333", "population18To34_p": "29.6", "population18To34_pme": ".00000", "white": "52576018", "white_me": "28047", "white_p": "78.3999999994412", "white_pme": ".00000", "minority": "14523149", "minority_me": "16273", "minority_p": "21.5999999998603", "minority_pme": ".00000", "neverMarried": "27837649", "neverMarried_me": "21811", "neverMarried_p": "41.5", "neverMarried_pme": ".00000", "liveAlone": "5041575", "liveAlone_me": "9800", "liveAlone_p": "7.5", "liveAlone_pme": ".00000", "educationBachelor": "10558447", "educationBachelor_me": "15172", "educationBachelor_p": "15.6999999999534", "educationBachelor_pme": ".00000", "civilian": "65781910", "veteran": "6188904", "veteran_me": "10830", "veteran_p": "9.39999999990687", "veteran_pme": ".00000", "foreignBorn": "4235309", "foreignBorn_me": "22497", "foreignBorn_p": "6.29999999998836", "foreignBorn_pme": ".00000", "otherLanguage": "7286893", "otherLanguage_me": "15629", "otherLanguage_p": "10.8999938964844", "otherLanguage_pme": ".00000", "medianEarnings": "35845", "medianEarnings_me": "", "povertyUniverse": "59781184", "poverty": "8420080", "poverty_me": "25136", "poverty_p": "14.0999984741211", "poverty_pme": ".00000", "employed": "46523008", "employed_me": "26838", "employed_p": "69.2999999998137", "employed_pme": ".00000", "commuter": "45364395", "droveToWork": "38006411", "droveToWork_me": "26893", "droveToWork_p": "83.7999999998137", "droveToWork_pme": ".00000", "liveWithParent": "15356992", "liveWithParent_me": "16701", "liveWithParent_p": "22.8999999999069", "liveWithParent_pme": ".00000" }, "geometry": null }
]
}
