{
"type": "FeatureCollection",
                                                                                
"features": [
{ "type": "Feature", "properties": { "fips": "US", "name": "United States", "population": "311536594", "population18To34": "72782540", "population18To34_me": "9430", "population18To34_p": "23.362", "population18To34_pme": ".00303", "white": "41610735", "white_me": "3700", "white_p": "57.17", "white_pme": ".01000", "minority": "31171805", "minority_me": "10593", "minority_p": "42.83", "minority_pme": ".01000", "neverMarried": "47985820", "neverMarried_me": "111432", "neverMarried_p": "65.93", "neverMarried_pme": ".15000", "liveAlone": "5148415", "liveAlone_me": "25157", "liveAlone_p": "7.07", "liveAlone_pme": ".05000", "educationBachelor": "16252955", "educationBachelor_me": "103770", "educationBachelor_p": "22.33", "educationBachelor_pme": ".15000", "civilian": "71976195", "veteran": "1723445", "veteran_me": "9634", "veteran_p": "2.39", "veteran_pme": ".02000", "foreignBorn": "11178390", "foreignBorn_me": "43195", "foreignBorn_p": "15.36", "foreignBorn_pme": ".06000", "otherLanguage": "17911940", "otherLanguage_me": "39448", "otherLanguage_p": "24.61", "otherLanguage_pme": ".05000", "medianEarnings": "33883", "medianEarnings_me": "", "povertyUniverse": "68743455", "poverty": "13521590", "poverty_me": "64390", "poverty_p": "19.67", "poverty_pme": ".09000", "employed": "47324965", "employed_me": "44128", "employed_p": "65.02", "employed_pme": ".07000", "commuter": "47076940", "droveToWork": "39787710", "droveToWork_me": "52821", "droveToWork_p": "84.52", "droveToWork_pme": ".05000", "liveWithParent": "22087305", "liveWithParent_me": "33735", "liveWithParent_p": "30.35", "liveWithParent_pme": ".05000" }, "geometry": null }
]
}
