{
"type": "FeatureCollection",
                                                                                
"features": [
{ "type": "Feature", "properties": { "fips": "US", "name": "United States", "population": "281421906", "population18To34": "66644867", "population18To34_me": "28856", "population18To34_p": "23.7", "population18To34_pme": ".00000", "white": "41857735", "white_me": "37327", "white_p": "62.7999999998137", "white_pme": ".00000", "minority": "24787132", "minority_me": "29730", "minority_p": "37.1999999997206", "minority_pme": ".00000", "neverMarried": "35007018", "neverMarried_me": "22401", "neverMarried_p": "52.5", "neverMarried_pme": ".00000", "liveAlone": "4992340", "liveAlone_me": "8960", "liveAlone_p": "7.5", "liveAlone_pme": ".00000", "educationBachelor": "13014394", "educationBachelor_me": "14255", "educationBachelor_p": "19.5", "educationBachelor_pme": ".00000", "civilian": "65854304", "veteran": "2496736", "veteran_me": "6365", "veteran_p": "3.8", "veteran_pme": ".00000", "foreignBorn": "10527035", "foreignBorn_me": "14051", "foreignBorn_p": "15.8", "foreignBorn_pme": ".00000", "otherLanguage": "15246322", "otherLanguage_me": "18159", "otherLanguage_p": "22.9", "otherLanguage_pme": ".00000", "medianEarnings": "37355", "medianEarnings_me": "", "povertyUniverse": "63093686", "poverty": "9647131", "poverty_me": "14595", "poverty_p": "15.2999999999302", "poverty_pme": ".00000", "employed": "45777603", "employed_me": "25051", "employed_p": "68.6999999992549", "employed_pme": ".00000", "commuter": "45589342", "droveToWork": "39534083", "droveToWork_me": "23586", "droveToWork_p": "86.6999999992549", "droveToWork_pme": ".00000", "liveWithParent": "15453474", "liveWithParent_me": "15463", "liveWithParent_p": "23.1999999999534", "liveWithParent_pme": ".00000" }, "geometry": null }
]
}
